{
	"name": "LiveChat",
	"description": "This plugin lets site owners easily add LiveChat to their sites.",
	"license": "GPL-3.0",
	"author": "TidyCustoms",
	"version": "1.0.1",
	"scope": "site",
	"minimumPubliiVersion": "0.39.0",
	"usePluginSettingsView": false,
    "config": [
    	{
            "name": "licenseNumber",
            "label": "License number",
            "group": "Account configuration",
            "value": "",
            "type": "text"
        },
        {
            "name": "textFallback",
            "label": "Fallback message",
            "group": "Theme integration",
            "note":  "Customize the fallback message to be displayed to users that have disabled scripts in their browser or have a browser that doesn't support scripts. You can link to https://www.livechatinc.com/chat-with/YOUR_LICENSE_NUMBER/ to open chat in a separate window.",
            "rows": 3,
            "type": "textarea",
            "value": ""
        },
        {
            "name": "showPreviewNotice",
            "label": "Show preview notice",
            "note": "Disable this option if you want to hide notice about disabled chat scripts in the preview mode of your website.",
            "group": "Theme integration",
            "type": "checkbox",
            "value": true
        },
        {
            "name": "cookieBannerIntegration",
            "label": "",
            "note": "Enabling this option will integrate this plugin with Publii's native Cookie Banner, allowing visitors to consent to cookies installed by LiveChat. This option is recommended if you want to ensure compliance with privacy regulations.",
            "group": "Cookie Banner integration",
            "type": "checkbox",
            "value": false
        },
        {
            "name": "cookieBannerGroup",
            "label": "Cookie banner group name",
            "note": "Please specify which Cookie Group ID of the Cookie Banner you wish to associate with the LiveChat script. If it does not exists, add a new Cookie Group Name with the Cookie Group ID specified above in the Privacy Settings section of the Site Settings. For more details please visit our  <a href='https://getpublii.com/docs/gdpr-cookie-banner-configuration.html#cookie-groups' target='_blank' rel='nofollow noopener noreferrer'> documentation.</a>",
            "group": "Cookie Banner integration",
            "placeholder": "comments",
            "type": "text",
            "value": "",
            "dependencies": [
                {
                    "field": "cookieBannerIntegration",
                    "value": true
                }
            ]
        }
    ]
}